Sl. No.,Constituency,MP Name,MP Name (Hindi),Initial Party,Date,New Party,state
1,Andaman and Nicobar Islands,Bishnu Pada Ray,विष्णु पद रे,Bharatiya Janata Party,,,Andaman and Nicobar Islands
2,Araku,Gumma Thanuja Rani,गुम्मा थानुजा रानी,YSR Congress Party,,,Andhra Pradesh
3,Srikakulam,Kinjarapu Ram Mohan Naidu,किंजरापु राममोहन नायडू,Telugu Desam Party,,,Andhra Pradesh
4,Vizianagaram,Appalanaidu Kalisetti,अप्पलानायडू कालीसेट्टी,Telugu Desam Party,,,Andhra Pradesh
5,Visakhapatnam,Mathukumilli Bharat,श्रीभारत मथुकुमिली,Telugu Desam Party,,,Andhra Pradesh
6,Anakapalli,C. M. Ramesh,चिंताकुंटा मुनुस्वामी रमेश,Bharatiya Janata Party,,,Andhra Pradesh
7,Kakinada,Tangella Uday Srinivas,तांगेला उदय श्रीनिवास,Janasena Party,,,Andhra Pradesh
8,Amalapuram,Ganti Harish Madhur,गंटी हरीश माथुर,Telugu Desam Party,,,Andhra Pradesh
9,Rajahmundry,Daggubati Purandeswari,दग्गुबती पुरंदेश्वरी,Bharatiya Janata Party,,,Andhra Pradesh
10,Narasapuram,Bhupathi Raju Srinivasa Varma,भूपति राजू श्रीनिवास वर्मा,Bharatiya Janata Party,,,Andhra Pradesh
11,Eluru,Putta Mahesh Kumar,पुट्टा महेश कुमार,Telugu Desam Party,,,Andhra Pradesh
12,Machilipatnam,Vallabhaneni Balashowry,बालाशौरी वल्लभानेनी,Janasena Party,,,Andhra Pradesh
13,Vijayawada,Kesineni Sivanath,केसिनेनी शिवनाथ (चिन्नी),Telugu Desam Party,,,Andhra Pradesh
14,Guntur,Chandra Sekhar Pemmasani,चन्द्रशेखर पेम्मासानी,Telugu Desam Party,,,Andhra Pradesh
15,Narasaraopet,Lavu Sri Krishna Devarayalu,लावु श्री कृष्ण देवरायलु,Telugu Desam Party,,,Andhra Pradesh
16,Bapatla (SC),Krishna Prasad Tenneti,कृष्ण प्रसाद टेनेटी,Telugu Desam Party,,,Andhra Pradesh
17,Ongole,Magunta Sreenivasulu Reddy,मगुंटा श्रीनिवासुलु रेड्डी,Telugu Desam Party,,,Andhra Pradesh
18,Nandyal,Byreddy Shabari,बायरेड्डी शबरी,Telugu Desam Party,,,Andhra Pradesh
19,Kurnool,Bastipati Nagaraju Panchalingala,बस्तीपति नागराजू पंचलिंगला,Telugu Desam Party,,,Andhra Pradesh
20,Anantapur,Ambika Lakshminarayana,अंबिका जी लक्ष्मीनारायण वाल्मीकि,Telugu Desam Party,,,Andhra Pradesh
21,Hindupur,B. K. Parthasarathi,बी॰ के॰ पार्थसारथी,Telugu Desam Party,,,Andhra Pradesh
22,Kadapa,Y. S. Avinash Reddy,वाई॰एस॰ अविनास रेड्डी,YSR Congress Party,,,Andhra Pradesh
23,Nellore,Vemireddy Prabhakar Reddy,वेमिरेड्डी प्रभाकर रेड्डी,Telugu Desam Party,,,Andhra Pradesh
24,Tirupati,Maddila Gurumoorthy,मदिला गुरुमूर्ति,YSR Congress Party,,,Andhra Pradesh
25,Rajampet,P. V. Midhun Reddy,पी॰वी॰ मिधुन रेड्डी,YSR Congress Party,,,Andhra Pradesh
26,Chittoor,Daggumalla Prasada Rao,दग्गुमल्ला प्रसाद राव,Telugu Desam Party,,,Andhra Pradesh
27,Arunachal West,Kiren Rijiju,किरेन रिजिजू,Bharatiya Janata Party,,,Arunachal Pradesh
28,Arunachal East,Tapir Gao,तापिर गाओ,Bharatiya Janata Party,,,Arunachal Pradesh
29,Kokrajhar,Joyanta Basumatary,जोयंता बसुमतारी,United People's Party Liberal,,,Assam
30,Dhubri,Rakibul Hussain,रकीबुल हुसैन,Indian National Congress,,,Assam
31,Barpeta,Phani Bhusan Choudhury,फनी भूषन चौधुरी,Asom Gana Parishad,,,Assam
32,Darrang–Udalguri,Dilip Saikia,दिलीप शइकीया,Bharatiya Janata Party,,,Assam
33,Guwahati,Bijuli Kalita Medhi,बिजुली कलिता मेधी,Bharatiya Janata Party,,,Assam
34,Diphu (ST),Amarsing Tisso,अमरसिंग तिस्सो,Bharatiya Janata Party,,,Assam
35,Karimganj,Kripanath Mallah,कृपानाथ मल्लाह,Bharatiya Janata Party,,,Assam
36,Silchar (SC),Parimal Suklabaidya,परिमल शुक्लबैद्य,Bharatiya Janata Party,,,Assam
37,Nagaon,Pradyut Bordoloi,प्रध्दुत बोरदोलोई,Indian National Congress,,,Assam
38,Kaziranga,Kamakhya Prasad Tasa,कामाख्य़ा प्रसाद तासा,Bharatiya Janata Party,,,Assam
39,Sonitpur,Ranjit Dutta,रनजीत दत्ता,Bharatiya Janata Party,,,Assam
40,Lakhimpur,Pradan Baruah,प्रदान बरुआ,Bharatiya Janata Party,,,Assam
41,Dibrugarh,Sarbananda Sonowal,सर्बानन्द सोणोवाल,Bharatiya Janata Party,,,Assam
42,Jorhat,Gaurav Gogoi,गौरव गोगोई,Indian National Congress,,,Assam
43,Valmiki Nagar,Sunil Kushwaha,सुनील कुमार कुशवाहा,Janata Dal (United),,,Bihar
44,Paschim Champaran,Sanjay Jaiswal,संजय जायसवाल,Bharatiya Janata Party,,,Bihar
45,Purvi Champaran,Radha Mohan Singh,राधा मोहन सिंह,Bharatiya Janata Party,,,Bihar
46,Sheohar,Lovely Anand,लवली आनन्द,Janata Dal (United),,,Bihar
47,Sitamarhi,Devesh Chandra Thakur,देवेश चंद्र ठाकुर,Janata Dal (United),,,Bihar
48,Madhubani,Ashok Kumar Yadav,अशोक कुमार यादव,Bharatiya Janata Party,,,Bihar
49,Jhanjharpur,Ramprit Mandal,रामप्रीत मंडल,Janata Dal (United),,,Bihar
50,Supaul,Dileshwar Kamait,दिलेश्वर कामैत,Janata Dal (United),,,Bihar
51,Araria,Pradeep Kumar Singh,प्रदीप कुमार सिंह,Bharatiya Janata Party,,,Bihar
52,Kishanganj,Mohammad Jawed,मोहम्मद जावेद,Indian National Congress,,,Bihar
53,Katihar,Tariq Anwar,तारिक अनवर,Indian National Congress,,,Bihar
54,Purnia,Pappu Yadav,पप्पू यादव,Independent politician,,,Bihar
55,Madhepura,Dinesh Chandra Yadav,दिनेश चन्द्र यादव,Janata Dal (United),,,Bihar
56,Darbhanga,Gopal Jee Thakur,गोपाल जी ठाकुर,Bharatiya Janata Party,,,Bihar
57,Muzaffarpur,Raj Bhushan Choudhary,राज भूषण चौधरी,Bharatiya Janata Party,,,Bihar
58,Vaishali,Veena Devi,वीणा देवी,Lok Janshakti Party (Ram Vilas),,,Bihar
59,Gopalganj,Alok Kumar Suman,आलोक कुमार सुमन,Janata Dal (United),,,Bihar
60,Siwan,Vijay Lakshmi Kushwaha,विजय लक्ष्मी कुशवाहा,Janata Dal (United),,,Bihar
61,Maharajganj,Janardan Singh Sigriwal,जनार्दन सिंह सिग्रीवाल,Bharatiya Janata Party,,,Bihar
62,Saran,Rajiv Pratap Rudy,राजीव प्रताप रूडी,Bharatiya Janata Party,,,Bihar
63,Hajipur,Chirag Paswan,चिराग पासवान,Lok Janshakti Party (Ram Vilas),,,Bihar
64,Ujiarpur,Nityanand Rai,नित्यानंद राय,Bharatiya Janata Party,,,Bihar
65,Samastipur,Shambhavi Choudhary,सम्भवी चौधरी,Lok Janshakti Party (Ram Vilas),,,Bihar
66,Begusarai,Giriraj Singh,गिरिराज सिंह,Bharatiya Janata Party,,,Bihar
67,Khagaria,Rajesh Verma,राजेश वर्मा,Lok Janshakti Party (Ram Vilas),,,Bihar
68,Bhagalpur,Ajay Kumar Mandal,अजय कुमार मंडल,Janata Dal (United),,,Bihar
69,Banka,Giridhari Yadav,गिरिधारी यादव,Janata Dal (United),,,Bihar
70,Munger,Rajiv Ranjan Singh,राजीव रंजन सिंह,Janata Dal (United),,,Bihar
71,Nalanda,Kaushalendra Kumar,कौशलेन्द्र कुमार,Janata Dal (United),,,Bihar
72,Patna Sahib,Ravi Shankar Prasad,रवि शंकर प्रसाद,Bharatiya Janata Party,,,Bihar
73,Pataliputra,Misa Bharti,मीसा भारती,Rashtriya Janata Dal,,,Bihar
74,Arrah,Sudama Prasad,सुदामा प्रसाद,Communist Party of India (Marxist-Leninist) Liberation,,,Bihar
75,Buxar,Sudhakar Singh,सुधाकर सिंह,Rashtriya Janata Dal,,,Bihar
76,Sasaram,Manoj Kumar,मनोज कुमार,Indian National Congress,,,Bihar
77,Karakat,Raja Ram Kushwaha,राजा राम सिंह कुशवाहा,Communist Party of India (Marxist-Leninist) Liberation,,,Bihar
78,Jahanabad,Surendra Prasad Yadav,सुरेन्द्र प्रसाद यादव,Rashtriya Janata Dal,,,Bihar
79,Aurangabad,Abhay Kushwaha,अभय कुशवाहा,Rashtriya Janata Dal,,,Bihar
80,Gaya,Jitan Ram Manjhi,जीतन राम मांझी,Hindustani Awam Morcha,,,Bihar
81,Nawada,Vivek Thakur,विवेक ठाकुर,Bharatiya Janata Party,,,Bihar
82,Jamui,Arun Bharti,अरुण भारती,Lok Janshakti Party (Ram Vilas),,,Bihar
83,Chandigarh,Manish Tewari,मनीष तिवारी,Indian National Congress,,,Chandigarh
84,Surguja,Chintamani Maharaj,चिंतामणी महाराज,Bharatiya Janata Party,,,Chhattisgarh
85,Raigarh (ST),Radheshyam Rathiya,राधेश्याम राठिया,Bharatiya Janata Party,,,Chhattisgarh
86,Janjgir (SC),Kamlesh Jangde,कमलेश जांगड़े,Bharatiya Janata Party,,,Chhattisgarh
87,Korba,Jyotsna Mahant,ज्योत्सना महंत,Indian National Congress,,,Chhattisgarh
88,Bilaspur,Tokhan Sahu,तोखन साहू,Bharatiya Janata Party,,,Chhattisgarh
89,Rajnandgaon,Santosh Pandey,संतोष पांडे,Bharatiya Janata Party,,,Chhattisgarh
90,Durg,Vijay Baghel,विजय बघेल,Bharatiya Janata Party,,,Chhattisgarh
91,Raipur,Brijmohan Agrawal,बृजमोहन अग्रवाल,Bharatiya Janata Party,,,Chhattisgarh
92,Mahasamund,Rupkumari Choudhary,रुपकुमारी चौधरी,Bharatiya Janata Party,,,Chhattisgarh
93,Bastar (ST),Mahesh Kashyap,महेश कश्यप,Bharatiya Janata Party,,,Chhattisgarh
94,Kanker (ST),Bhojraj Nag,भोजराज नाग,Bharatiya Janata Party,,,Chhattisgarh
95,Dadra and Nagar Haveli,Kalaben Delkar,कलाबेन डेलकर,Bharatiya Janata Party,,,Dadra and Nagar Haveli
96,Daman and Diu,Umeshbhai Patel,पटेल उमेशभाई बाबूभाई ,Independent,,,Daman and Diu
97,Chandni Chowk,Praveen Khandelwal,प्रवीण खंडेलवाल,Bharatiya Janata Party,,,Delhi
98,North East Delhi,Manoj Tiwari,मनोज तिवारी,Bharatiya Janata Party,,,Delhi
99,East Delhi,Harsh Malhotra,हर्ष मल्होत्रा,Bharatiya Janata Party,,,Delhi
100,New Delhi,Bansuri Swaraj,बांसुरी स्वराज,Bharatiya Janata Party,,,Delhi
101,North West Delhi (SC),Yogender Chandoliya,योगेंदर चंदोलिया,Bharatiya Janata Party,,,Delhi
102,West Delhi,Kamaljeet Sehrawat,कमलजीत सेरावत,Bharatiya Janata Party,,,Delhi
103,South Delhi,Ramvir Singh Bidhuri,रामवीर सिंह बिधुड़ी,Bharatiya Janata Party,,,Delhi
104,North Goa,Shripad Naik,श्रीपद येस्सो नायक,Bharatiya Janata Party,,,Goa
105,South Goa,Viriato Fernandes,विरियाटो फर्नांडीस ,Indian National Congress,,,Goa
106,Kachchh,Vinodbhai Chavda,विनोद चावड़ा,Bharatiya Janata Party,,,Gujurat
107,Banaskantha,Geniben Thakor,गेनीबेन ठाकोर,Indian National Congress,,,Gujurat
108,Patan,Bharatsinhji Dabhi,भरतसिंहजी डाभी,Bharatiya Janata Party,,,Gujurat
109,Mahesana,Haribhai Patel,हरीभाई पटेल,Bharatiya Janata Party,,,Gujurat
110,Sabarkantha,Shobhanaben Baraiya,शोभनाबेन महेन्द्रसिंह बारैया,Bharatiya Janata Party,,,Gujurat
111,Gandhinagar,Amit Shah,अमित शाह,Bharatiya Janata Party,,,Gujurat
112,Ahmedabad East,Hasmukh Patel,हंसमुखभाई पटेल,Bharatiya Janata Party,,,Gujurat
113,Ahmedabad West (SC),Dineshbhai Makwana,दिनेशभाई मकवाना,Bharatiya Janata Party,,,Gujurat
114,Surendranagar,Chandubhai Shihora,चंदुभाई शिहोरा,Bharatiya Janata Party,,,Gujurat
115,Rajkot,Parshottam Rupala,पुरुषोत्तम रूपाला,Bharatiya Janata Party,,,Gujurat
116,Porbandar,Mansukh Mandaviya,मनसुख मांडविया,Bharatiya Janata Party,,,Gujurat
117,Jamnagar,Poonamben Maadam,पूनमबेन मादाम,Bharatiya Janata Party,,,Gujurat
118,Junagadh,Rajesh Chudasama,चुडासमा राजेशभाई नारणभाई,Bharatiya Janata Party,,,Gujurat
119,Amreli,Bharatbhai Sutariya,भरतभाई मनुभाई सुतरीया,Bharatiya Janata Party,,,Gujurat
120,Bhavnagar,Nimuben Bambhaniya,निमूबेन बांभनिया,Bharatiya Janata Party,,,Gujurat
121,Anand,Mitesh Patel,मितेष पटेल (बकाभाई),Bharatiya Janata Party,,,Gujurat
122,Kheda,Devusinh Chauhan,देवुसिंह चौहाण,Bharatiya Janata Party,,,Gujurat
123,Panchmahal,Rajpalsinh Jadav,राजपालसिंह महेन्द्रसिंह जादव,Bharatiya Janata Party,,,Gujurat
124,Dahod (ST),Jasvantsinh Bhabhor,जसवंतसिंह सुमनभाई भाभोर,Bharatiya Janata Party,,,Gujurat
125,Vadodara,Hemang Joshi,हेमांग जोषी,Bharatiya Janata Party,,,Gujurat
126,Chhota Udaipur (ST),Jashubhai Rathva,जशुभाई भीलूभाई राठवा,Bharatiya Janata Party,,,Gujurat
127,Bharuch,Mansukhbhai Vasava,मनसुख भाई वसावा,Bharatiya Janata Party,,,Gujurat
128,Bardoli (ST),Parbhubhai Vasava,वसावा परभुभाई नागरभाई,Bharatiya Janata Party,,,Gujurat
129,Surat,Mukesh Dalal,मुकेशकुमार चंद्रकांत दलाल,Bharatiya Janata Party,,,Gujurat
130,Navsari,C. R. Patil,चंद्रकांत रघुनाथ पाटिल,Bharatiya Janata Party,,,Gujurat
131,Valsad (ST),Dhavalbhai Patel,धवल लक्ष्मणभाई पटेल,Bharatiya Janata Party,,,Gujurat
132,Ambala,Varun Chaudhary,वरुण चौधरी,Indian National Congress,,,Haryana
133,Kurukshetra,Naveen Jindal,नवीन जिन्दल,Bharatiya Janata Party,,,Haryana
134,Sirsa,Selja Kumari,शैलजा कुमारी,Indian National Congress,,,Haryana
135,Hisar,Jai Parkash,जय प्रकाश,Indian National Congress,,,Haryana
136,Karnal,Manohar Lal Khattar,मनोहर लाल खट्टर,Bharatiya Janata Party,,,Haryana
137,Sonipat,Satpal Brahamchari,सतपाल ब्रहमचारी,Indian National Congress,,,Haryana
138,Rohtak,Deepender Singh Hooda,दीपेंद्र सिंह हुड्डा,Indian National Congress,,,Haryana
139,Bhiwani–Mahendragarh,Dharambir Singh Chaudhary,धरमबीर,Bharatiya Janata Party,,,Haryana
140,Gurgaon,Rao Inderjit Singh,राव इंद्रजीत सिंह,Bharatiya Janata Party,,,Haryana
141,Faridabad,Krishan Pal Gurjar,कृष्ण पाल गुर्जर,Bharatiya Janata Party,,,Haryana
142,Mandi,Kangana Ranaut,कंगना रनौत,Bharatiya Janata Party,,,Himachal Pradesh
143,Kangra,Rajeev Bhardwaj,राजीव भारद्वाज,Rajeev Bhardwaj,,,Himachal Pradesh
144,Hamirpur,Anurag Thakur,अनुराग ठाकुर,Anurag Thakur,,,Himachal Pradesh
145,Shimla (SC),Suresh Kumar Kashyap,सुरेश कुमार कश्यप,Suresh Kumar Kashyap,,,Himachal Pradesh
146,Baramulla,Sheikh Er Rashid,शेख अब्दुल राशिद,Independent,,,Jammu and Kashmir
147,Srinagar,Aga Syed Ruhullah Mehdi,आगा सैयद रुहुल्लाह मेहदी,Jammu & Kashmir National Conference,,,Jammu and Kashmir
148,Anantnag–Rajouri,Mian Altaf Ahmed Larvi,मियां अल्ताफ अहमद लार्वी,Jammu & Kashmir National Conference,,,Jammu and Kashmir
149,Udhampur,Jitendra Singh,जितेन्द्र सिंह,Bharatiya Janata Party,,,Jammu and Kashmir
150,Jammu,Jugal Kishore Sharma,जुगल किशोर शर्मा,Bharatiya Janata Party,,,Jammu and Kashmir
151,Rajmahal,Vijay Hansda,विजय हंसदक,Jharkhand Mukti Morcha,,,Jharkhand
152,Dumka (ST),Nalin Soren,नलिन सोरेन,Jharkhand Mukti Morcha,,,Jharkhand
153,Godda,Nishikant Dubey,निशिकांत दुबे,Bharatiya Janata Party,,,Jharkhand
154,Chatra,Kalicharan Singh,कालीचरण सिंह,Bharatiya Janata Party,,,Jharkhand
155,Kodarma,Annpurna Devi,अन्नपूर्णा देवी,Bharatiya Janata Party,,,Jharkhand
156,Giridih,Chandra Prakash Choudhary,चन्द्र प्रकाश चौधरी,All Jharkhand Students Union,,,Jharkhand
157,Dhanbad,Dulu Mahato,दुलू महतो,Bharatiya Janata Party,,,Jharkhand
158,Ranchi,Sanjay Seth,संजय सेठ,Bharatiya Janata Party,,,Jharkhand
159,Jamshedpur,Bidyut Baran Mahato,बिद्युत बरन महतो,Bharatiya Janata Party,,,Jharkhand
160,Singhbhum,Joba Majhi,जोबा माझी,Jharkhand Mukti Morcha,,,Jharkhand
161,Khunti,Kali Charan Munda,काली चरण मुंडा,Indian National Congress,,,Jharkhand
162,Lohardaga (ST),Sukhdeo Bhagat,सुखदेव भगत,Indian National Congress,,,Jharkhand
163,Palamau,Vishnu Dayal Ram,विष्णु दयाल राम,Bharatiya Janata Party,,,Jharkhand
164,Hazaribagh,Manish Jaiswal,मनीष जायसवाल,Bharatiya Janata Party,,,Jharkhand
165,Chikkodi,Priyanka Jarkiholi,प्रियंका जर्कीहोली,Indian National Congress,,,Karnataka
166,Belgaum,Jagadish Shettar,जगदीश शेट्टार,Bharatiya Janata Party,,,Karnataka
167,Bagalkot,P. C. Gaddigoudar,पी॰सी॰ गड्डीगौडर,Bharatiya Janata Party,,,Karnataka
168,Bijapur (SC),Ramesh Jigajinagi,रमेश जिगाजिनागी,Bharatiya Janata Party,,,Karnataka
169,Gulbarga,Radhakrishna,राधाकृष्ण,Indian National Congress,,,Karnataka
170,Raichur (ST),G Kumar Naik,जी॰ कुमार नायक,Indian National Congress,,,Karnataka
171,Bidar,Sagar Khandre,सागर ईश्वर खंड्रे,Indian National Congress,,,Karnataka
172,Koppal,K. Rajashekar Basavaraj Hitnal,के॰ राजशेखर बसवराज हितनाल,Indian National Congress,,,Karnataka
173,Bellary (ST),E. Tukaram,ई तुकाराम,Indian National Congress,,,Karnataka
174,Haveri,Basavaraj Bommai,बसवराज बोम्मायि,Bharatiya Janata Party,,,Karnataka
175,Dharwad,Pralhad Joshi,प्रह्लाद जोशी,Bharatiya Janata Party,,,Karnataka
176,Uttara Kannada,Vishweshwar Hegde Kageri,विश्वेश्वर हेगड़े कागेरी,Bharatiya Janata Party,,,Karnataka
177,Davanagere,Prabha Mallikarjun,प्रभा मल्लिकार्जुन,Indian National Congress,,,Karnataka
178,Shimoga,B. Y. Raghavendra,बी. वाई. राघवेंद्र,Bharatiya Janata Party,,,Karnataka
179,Udupi Chikmagalur,Kota Srinivas Poojary,कोटा श्रीनिवास पुजारी,Bharatiya Janata Party,,,Karnataka
180,Hassan,Shreyas M. Patel,श्रेयस एम॰ पटेल,Indian National Congress,,,Karnataka
181,Dakshina Kannada,Brijesh Chowta,क्यप्टान ब्रिजेश चौटा,Bharatiya Janata Party,,,Karnataka
182,Bharatiya Janata Party,Govind Karjol,गोविंद मकथप्पा करजोल,Bharatiya Janata Party,,,Karnataka
183,Bharatiya Janata Party,V. Somanna,वी॰ सोमन्ना,Bharatiya Janata Party,,,Karnataka
184,Mandya,H. D. Kumaraswamy,एच॰ डी॰ कुमारस्वामी,Janata Dal (Secular),,,Karnataka
185,Mysore,Yaduveer Wadiyar,यदुवीर कृष्णदत्त चामराज वोडयार,Bharatiya Janata Party,,,Karnataka
186,Chamarajanagar,Sunil Bose,सुनील बोस,Indian National Congress,,,Karnataka
187,Bangalore Rural,C. N. Manjunath,चोलेनाहल्ली नंजप्पा मंजूनाथ,Bharatiya Janata Party,,,Karnataka
188,Bangalore North,Shobha Karandlaje,शोभा कारनदलाजे,Bharatiya Janata Party,,,Karnataka
189,Bangalore Central,P. C. Mohan,पी॰सी॰ मोहन,Bharatiya Janata Party,,,Karnataka
190,Bangalore South,Tejasvi Surya,तेजस्वी सूर्य,Bharatiya Janata Party,,,Karnataka
191,Chikballapur,K. Sudhakar,केशव सुधाकर,Bharatiya Janata Party,,,Karnataka
192,Kolar,M. Mallesh Babu,एम॰ मल्लेश बाबू,Janata Dal (Secular),,,Karnataka
193,Kasaragod,Rajmohan Unnithan,राजमोहन उन्नीथन,Indian National Congress,,,Kerala
194,Kannur,K. Sudhakaran,कुम्बाकुडी सुधाकरन,Indian National Congress,,,Kerala
195,Vatakara,Shafi Parambil,शफी परम्बिल,Indian National Congress,,,Kerala
196,Wayanad,Rahul Gandhi (Resigned on 17 June 2024),"राहुल गांधी 
(17 जून 2024 को त्यागपत्र दिया)",Indian National Congress,,,Kerala
197,Kozhikode,M. K. Raghavan,"प्रियंका गांधी
(23 नवम्बर 2024 को चुनी गयीं)",Indian National Congress,,,Kerala
198,Malappuram,E. T. Muhammed Basheer,एम॰के॰ राघवन,Indian Union Muslim League,,,Kerala
199,Ponnani,M. P. Abdussamad Samadani,इ॰टी॰ मुहम्मद बशीर,Indian Union Muslim League,,,Kerala
200,Palakkad,V. K. Sreekandan,एमपी अब्दुस्समद समदानी,Indian National Congress,,,Kerala
201,Alathur,K. Radhakrishnan,वी॰के॰ श्रीकांदन,Communist Party of India (Marxist),,,Kerala
202,Thrissur,Suresh Gopi,के॰ राधाकृष्णन,Bharatiya Janata Party,,,Kerala
203,Chalakudy,Benny Behanan,सुरेश गोपी,Indian National Congress,,,Kerala
204,Ernakulam,Hibi Eden,बेनी बेहनन,Indian National Congress,,,Kerala
205,Idukki,Dean Kuriakose,हायबी ईडन,Indian National Congress,,,Kerala
206,Kottayam,Francis George,डीन कुरियाकोस,Kerala Congress,,,Kerala
207,Alappuzha,K. C. Venugopal,फ्रांसिस जॉर्ज,Indian National Congress,,,Kerala
208,Mavelikara (SC),Kodikkunnil Suresh,के॰सी॰ वेणुगोपाल,Indian National Congress,,,Kerala
209,Pathanamthitta,Anto Antony,कोडिकुन्नील सुरेश,Indian National Congress,,,Kerala
210,Kollam,N. K. Premachandran,एंटो एंटनी,Revolutionary Socialist Party (India),,,Kerala
211,Attingal,Adoor Prakash,एन॰के॰ प्रेमचन्द्रन,Indian National Congress,,,Kerala
212,Thiruvananthapuram,Shashi Tharoor,अदूर प्रकाश,Indian National Congress,,,Kerala
213,Ladakh,Mohmad Haneefa,मोहम्मद हनीफा,Independent,,,Ladakh
214,Lakshadweep,Muhammed Hamdulla Sayeed,मोहम्मद हमदुल्ला सईद,Indian National Congress,,,Lakshadweep
215,Morena,Shivmangal Singh Tomar,शिवमंगल सिंह तोमर,Bharatiya Janata Party,,,Madhya Pradesh
216,Bhind (SC),Sandhya Ray,संध्या राय,Bharatiya Janata Party,,,Madhya Pradesh
217,Gwalior,Bharat Singh Kushwah,भारत सिंह कुशवाह,Bharatiya Janata Party,,,Madhya Pradesh
218,Guna,Jyotiraditya Scindia,ज्योतिरादित्य सिंधिया,Bharatiya Janata Party,,,Madhya Pradesh
219,Sagar,Lata Wankhede,लता वानखेड़े,Bharatiya Janata Party,,,Madhya Pradesh
220,Tikamgarh (SC),Virendra Kumar Khatik,वीरेंद्र कुमार खटीक,Bharatiya Janata Party,,,Madhya Pradesh
221,Damoh,Rahul Lodhi,राहुल लोधी,Bharatiya Janata Party,,,Madhya Pradesh
222,Khajuraho,V. D. Sharma,विष्‍णु दत्‍त शर्मा,Bharatiya Janata Party,,,Madhya Pradesh
223,Satna,Ganesh Singh,गणेश सिंह,Bharatiya Janata Party,,,Madhya Pradesh
224,Rewa,Janardan Mishra,जनार्दन मिश्रा,Bharatiya Janata Party,,,Madhya Pradesh
225,Sidhi,Rajesh Mishra,राजेश मिश्रा,Bharatiya Janata Party,,,Madhya Pradesh
226,Shahdol (ST),Himadri Singh,हिमाद्री सिंह,Bharatiya Janata Party,,,Madhya Pradesh
227,Jabalpur,Ashish Dubey,आशिष दुबे,Bharatiya Janata Party,,,Madhya Pradesh
228,Mandla (ST),Faggan Singh Kulaste,फग्गन सिंह कुलस्ते,Bharatiya Janata Party,,,Madhya Pradesh
229,Balaghat (ST),Bharti Pardhi,भारती पारधी,Bharatiya Janata Party,,,Madhya Pradesh
230,Chhindwara,Vivek Kumar Sahu,विवेक कुमार साहु,Bharatiya Janata Party,,,Madhya Pradesh
231,Hoshangabad,Darshan Singh Choudhary,दर्शन सिंह चौधरी,Bharatiya Janata Party,,,Madhya Pradesh
232,Vidisha,Shivraj Singh Chauhan,शिवराज सिंह चौहान,Bharatiya Janata Party,,,Madhya Pradesh
233,Bhopal,Alok Sharma,आलोक शर्मा,Bharatiya Janata Party,,,Madhya Pradesh
234,Rajgarh,Rodmal Nagar,रोडमल नागर,Bharatiya Janata Party,,,Madhya Pradesh
235,Dewas (SC),Mahendra Solanki,महेन्द्र सिंह सोलंकी,Bharatiya Janata Party,,,Madhya Pradesh
236,Ujjain (SC),Anil Firojiya,अनिल फिरोजिया,Bharatiya Janata Party,,,Madhya Pradesh
237,Mandsour,Sudhir Gupta,सुधीर गुप्ता,Bharatiya Janata Party,,,Madhya Pradesh
238,Ratlam (ST),Anita Nagar Singh Chouhan,अनीता नागर सिंह चौहान,Bharatiya Janata Party,,,Madhya Pradesh
239,Dhar (ST),Savitri Thakur,सावित्री ठाकुर,Bharatiya Janata Party,,,Madhya Pradesh
240,Indore,Shankar Lalwani,शंकर लालवानी,Bharatiya Janata Party,,,Madhya Pradesh
241,Khargone,Gajendra Patel,गजेन्द्र पटेल,Bharatiya Janata Party,,,Madhya Pradesh
242,Khandwa,Gyaneswar Patil,ज्ञानेश्वर पाटिल,Bharatiya Janata Party,,,Madhya Pradesh
243,Betul (ST),Durga Das Uikey,दुर्गा दास उइके,Bharatiya Janata Party,,,Madhya Pradesh
244,Nandurbar,Gowaal Kagada Padavi,गोवाल कागडा पदवी,Indian National Congress,,,Maharashtra
245,Dhule,Bachhav Shobha Dinesh,बछाव शोभा दिनेश,Indian National Congress,,,Maharashtra
246,Jalgaon,Smita Wagh,स्मिता वाघ,Bharatiya Janta Party,,,Maharashtra
247,Raver,Raksha Khadse,रक्षा खडसे,Bharatiya Janta Party,,,Maharashtra
248,Buldhana,Prataprao Jadhav,प्रतापराव गणपतराव जाधव,Shiv Sena,,,Maharashtra
249,Akola,Anup Dhotre,अनुप संजय धोत्रे,Bharatiya Janta Party,,,Maharashtra
250,Amravati,Balwant Wankhade,बलवंत बसवंत वानखड़े,Indian National Congress,,,Maharashtra
251,Wardha,Amar Kale,अमर शरदराव काले,Nationalist Congress Party (Sharadchandra Pawar),,,Maharashtra
252,Ramtek,Shyamkumar (Bablu) Barve,श्यामकुमार दौलत बर्वे,Indian National Congress,,,Maharashtra
253,Nagpur,Nitin Gadkari,नितिन गडकरी,Bharatiya Janata Party,,,Maharashtra
254,Bhandara–Gondiya,Prashant Padole,प्रशांत यादोराव पडोले,Indian National Congress,,,Maharashtra
255,Gadchiroli–Chimur (ST),Namdeo Kirsan,किरसन नामदेव,Indian National Congress,,,Maharashtra
256,Chandrapur,Pratibha Dhanorkar,प्रतिभा सुरेश धानोरकर,Indian National Congress,,,Maharashtra
257,Yavatmal–Washim,Sanjay Deshmukh,संजय उत्तमराव देशमुख,Shiv Sena (Uddhav Balasaheb Thackeray),,,Maharashtra
258,Hingoli,Nagesh Aashtikar Patil,नागेश आष्टिकर पाटिल,Shiv Sena (Uddhav Balasaheb Thackeray),,,Maharashtra
259,Nanded,Vasantrao Balwantrao Chavan ,वसंतराव बलवंतराव चव्हाण ,Indian National Congress,,,Maharashtra
260,Parbhani,Sanjay Jadhav,रविंद्र वसंतराव चव्हाण ,Shiv Sena (Uddhav Balasaheb Thackeray),,,Maharashtra
261,Jalna,Kalyan Kale,संजय हरिभाऊ जाधव,Indian National Congress,,,Maharashtra
262,Aurangabad,Sandipanrao Bhumre,कल्याण काले,Shiv Sena,,,Maharashtra
263,Dindori,Bhaskar Bhagare,संदीपनराव भुमरे,Nationalist Congress Party (Sharadchandra Pawar),,,Maharashtra
264,Nashik,Rajabhau Waje,भास्कर भागारे,Shiv Sena (Uddhav Balasaheb Thackeray),,,Maharashtra
265,Palghar,Hemant Savara,राजाभाऊ वाजे,Bharatiya Janata Party,,,Maharashtra
266,Bhiwandi,Suresh Mhatre,हेमन्त विष्णु सवारा,Nationalist Congress Party (Sharadchandra Pawar),,,Maharashtra
267,Kalyan,Shrikant Shinde,सुरेश गोपीनाथ म्हात्रे,Shiv Sena,,,Maharashtra
268,Thane,Naresh Mhaske,श्रीकांत एकनाथ शिंदे,Shiv Sena,,,Maharashtra
269,Mumbai North,Piyush Goyal,नरेश गणपत म्हस्के,Bharatiya Janata Party,,,Maharashtra
270,Mumbai North West,Ravindra Waikar,पीयूष गोयल,Shiv Sena,,,Maharashtra
271,Mumbai North East,Sanjay Dina Patil,रवींद्र वाईकर,Shiv Sena (Uddhav Balasaheb Thackeray),,,Maharashtra
272,Mumbai North Central,Varsha Gaikwad,संजय दिना पाटील,Indian National Congress,,,Maharashtra
273,Mumbai South Central,Anil Desai,वर्षा गायकवाड़,Shiv Sena (Uddhav Balasaheb Thackeray),,,Maharashtra
274,Mumbai South,Arvind Sawant,अनिल देसाई,Shiv Sena (Uddhav Balasaheb Thackeray),,,Maharashtra
275,Raigad,Sunil Tatkare,अरविंद सावंत,Nationalist Congress Party,,,Maharashtra
276,Maval,Shrirang Barne,तटकरे सुनील दत्तात्रेय,Shiv Sena,,,Maharashtra
277,Pune,Murlidhar Mohol,श्रीरंग बरने,Bharatiya Janata Party,,,Maharashtra
278,Baramati,Supriya Sule,मुरलीधर मोहोल,Nationalist Congress Party (Sharadchandra Pawar),,,Maharashtra
279,Shirur,Amol Kolhe,सुप्रिया सुले,Nationalist Congress Party (Sharadchandra Pawar),,,Maharashtra
280,Ahmednagar,Nilesh Lanke,अमोल रामसिंह कोल्हे,Nationalist Congress Party (Sharadchandra Pawar),,,Maharashtra
281,Shirdi,Bhausaheb Wakchaure,निलेश ज्ञानदेव लंके,Shiv Sena (Uddhav Balasaheb Thackeray),,,Maharashtra
282,Beed,Bajrang Sonwane,भाऊसाहेब राजाराम वाकचौरे,Nationalist Congress Party (Sharadchandra Pawar),,,Maharashtra
283,Osmanabad,Omprakash Rajenimbalkar,बजरंग मनोहर सोनवाणे,Shiv Sena (Uddhav Balasaheb Thackeray),,,Maharashtra
284,Latur,Shivaji Kalge,ओमप्रकाश राजेनिम्बलकर,Indian National Congress,,,Maharashtra
285,Solapur (SC),Praniti Shinde,कल्गे शिवाजी बंडप्पा,Indian National Congress,,,Maharashtra
286,Madha,Dhairyasheel Mohite Patil,प्रणीति सुशीलकुमार शिंदे,Nationalist Congress Party (Sharadchandra Pawar),,,Maharashtra
287,Sangli,Vishal Patil,मोहिते पाटिल धैर्यशील राजसिंह,Independent,,,Maharashtra
288,Satara,Udayanraje Bhosale,विशाल प्रकाशबापु पाटील,Bharatiya Janata Party,,,Maharashtra
289,Ratnagiri–Sindhudurg,Narayan Rane,उदयनराजे भोसले,Bharatiya Janata Party,,,Maharashtra
290,Kolhapur,Shahu Chhatrapati Maharaj,नारायण राणे,Indian National Congress,,,Maharashtra
291,Hatkanangle,Dhairyasheel Mane,शाहू छत्रपति महाराज,Shiv Sena,,,Maharashtra
292,Inner Manipur,Angomcha Bimol Akoijam,अंगोमचा बिमोल अकोइजम,Indian National Congress,,,Manipur
293,Outer Manipur (ST),Alfred Kan-Ngam Arthur,अल्फ्रेड कान-नगम आर्थर ,Indian National Congress,,,Manipur
294,Shillong,Ricky AJ Syngkon,रिकी एंड्रयू सिंग्कोन,Voice of the People Party,,,Meghalaya
295,Tura,Saleng A. Sangma,सालेंग संगमा ,Indian National Congress,,,Meghalaya
296,Mizoram,Richard Vanlalhmangaiha,रिचर्ड वानलालहमंगइहा ,Zoram People's Movement,,,Mizoram
297,Nagaland,S. Supongmeren Jamir,सुपोंगमेरें जमीर,Indian National Congress,,,Nagaland
298,Bargarh,Pradip Purohit,प्रदीप पुरोहित,Bharatiya Janata Party,,,Odisha
299,Sundargarh (ST),Jual Oram,जुएल ओराम,Bharatiya Janata Party,,,Odisha
300,Sambalpur,Dharmendra Pradhan,धर्मेंद्र प्रधान,Bharatiya Janata Party,,,Odisha
301,Keonjhar (ST),Ananta Nayak,अनंत नायक,Bharatiya Janata Party,,,Odisha
302,Mayurbhanj (ST),Naba Charan Majhi,नाबा चरण मांझी,Bharatiya Janata Party,,,Odisha
303,Balasore,Pratap Chandra Sarangi,प्रताप चन्द्र षड़ंगी,Bharatiya Janata Party,,,Odisha
304,Bhadrak (SC),Avimanyu Sethi,अभिमन्यु सेठी,Bharatiya Janata Party,,,Odisha
305,Jajpur (SC),Rabindra Narayan Behera,रबिन्द्र नारायण बेहरा,Bharatiya Janata Party,,,Odisha
306,Dhenkanal,Rudra Narayan Pany,रुद्र नारायण पेनी,Bharatiya Janata Party,,,Odisha
307,Bolangir,Sangeeta Kumari Singh Deo,संगीता कुमारी सिंह देव,Bharatiya Janata Party,,,Odisha
308,Kalahandi,Malvika Devi,मालविका देवी,Bharatiya Janata Party,,,Odisha
309,Nabarangpur (ST),Balabhadra Majhi,बलभद्र माझी,Bharatiya Janata Party,,,Odisha
310,Kandhamal,Sukanta Kumar Panigrahi,सुकान्त कुमार पानीग्राही,Bharatiya Janata Party,,,Odisha
311,Cuttack,Bhartruhari Mahtab,भर्तुहरी महताब,Bharatiya Janata Party,,,Odisha
312,Kendrapara,Baijayant Panda,बैजयंत पांडा,Bharatiya Janata Party,,,Odisha
313,Jagatsinghpur (SC),Bibhu Prasad Tarai,बिभू प्रसाद तरै,Bharatiya Janata Party,,,Odisha
314,Puri,Sambit Patra,संबित पात्रा,Bharatiya Janata Party,,,Odisha
315,Bhubaneswar,Aparajita Sarangi,अपराजिता षडंगी,Bharatiya Janata Party,,,Odisha
316,Aska,Anita Subhadarshini,अनीता सुभदर्शिनी,Bharatiya Janata Party,,,Odisha
317,Berhampur,Pradeep Kumar Panigrahy,प्रदीप कुमार पाणिग्राही,Bharatiya Janata Party,,,Odisha
318,Koraput,Saptagiri Sankar Ulaka,सप्तगिरि शंकर उल्का,Indian National Congress,,,Odisha
319,Puducherry,V. Vaithilingam,वी॰ वैठलिंगम ,Indian National Congress,,,Puducherry
320,Gurdaspur,Sukhjinder Singh Randhawa,सुखजिंदर सिंह रंधावा,Indian National Congress,,,Punjab
321,Amritsar,Gurjeet Singh Aujla,गुरजीत सिंह औजला,Indian National Congress,,,Punjab
322,Khadoor Sahib,Amritpal Singh,अमृतपाल सिंह,Akali Dal (Waris Punjab De),,,Punjab
323,Jalandhar,Charanjit Singh Channi,चरणजीत सिंह चन्नी,Indian National Congress,,,Punjab
324,Hoshiarpur,Raj Kumar Chabbewal,राज कुमार चैबेवाल,Aam Aadmi Party,,,Punjab
325,Anandpur Sahib,Malwinder Singh Kang,मालविंदर सिंह कंग,Aam Aadmi Party,,,Punjab
326,Ludhiana,Amrinder Singh Raja Warring,अमरिंदर सिंह राजा वडिंग,Indian National Congress,,,Punjab
327,Fatehgarh Sahib (SC),Amar Singh,अमर सिंह,Indian National Congress,,,Punjab
328,Faridkot,Sarabjeet Singh Khalsa,सरबजीत सिंह खालसा,Akali Dal (Waris Punjab De),,,Punjab
329,Ferozpur,Sher Singh Ghubaya,शेर सिंह घुबाया,Indian National Congress,,,Punjab
330,Bathinda,Harsimrat Kaur Badal,हरसिमरत कौर बादल,Shiromani Akali Dal,,,Punjab
331,Sangrur,Gurmeet Singh Meet Hayer,गुरुमीत सिंह मीत हेयर,Aam Aadmi Party,,,Punjab
332,Patiala,Dharamvir Gandhi,धर्मवीर गांधी,Indian National Congress,,,Punjab
333,Ganganagar,Kuldeep Indora,कुलदीप इंदौरा,Indian National Congress,,,Rajasthan
334,Bikaner,Arjun Ram Meghwal,अर्जुन राम मेघवाल,Bharatiya Janata Party,,,Rajasthan
335,Churu,Rahul Kaswan,राहुल कस्वां,Indian National Congress,,,Rajasthan
336,Jhunjhunu,Brijendra Singh Ola,बृजेन्द्र सिंह ओला,Indian National Congress,,,Rajasthan
337,Sikar,Amra Ram,अमरा राम,Communist Party of India (Marxist),,,Rajasthan
338,Jaipur Rural,Rao Rajendra Singh,राव राजेन्द्र सिंह,Bharatiya Janata Party,,,Rajasthan
339,Jaipur,Manju Sharma,मंजू शर्मा,Bharatiya Janata Party,,,Rajasthan
340,Alwar,Bhupender Yadav,भूपेन्द्र यादव,Bharatiya Janata Party,,,Rajasthan
341,Bharatpur,Sanjana Jatav,संजना जाटव,Indian National Congress,,,Rajasthan
342,Karauli–Dholpur (SC),Bhajan Lal Jatav,भजनलाल जाटव,Indian National Congress,,,Rajasthan
343,Dausa (ST),Murari Lal Meena,मुरारीलाल मीणा,Indian National Congress,,,Rajasthan
344,Tonk–Sawai Madhopur,Harish Meena,हरीशचन्द्र मीणा,Indian National Congress,,,Rajasthan
345,Ajmer,Bhagirath Chaudhary,भागीरथ चौधरी,Bharatiya Janata Party,,,Rajasthan
346,Nagaur,Hanuman Beniwal,हनुमान बेनीवाल,Rashtriya Loktantrik Party,,,Rajasthan
347,Pali,P. P. Chaudhary,पी॰पी॰ चौधरी,Bharatiya Janata Party,,,Rajasthan
348,Jodhpur,Gajendra Singh Shekhawat,गजेन्द्र सिंह शेखावत,Bharatiya Janata Party,,,Rajasthan
349,Barmer,Ummeda Ram Beniwal,उम्मेदा राम बेनीवाल,Indian National Congress,,,Rajasthan
350,Jalore,Lumbaram Choudhary,लुम्बाराम चौधरी,Bharatiya Janata Party,,,Rajasthan
351,Udaipur (ST),Manna Lal Rawat,मुन्ना लाल रावत,Bharatiya Janata Party,,,Rajasthan
352,Banswara,Rajkumar Roat,राजकुमार रोत,Bharat Adivasi Party,,,Rajasthan
353,Chittorgarh,Chandra Prakash Joshi,चन्द्रप्रकाश जोशी,Bharatiya Janata Party,,,Rajasthan
354,Rajsamand,Mahima Kumari Mewar,महिमा कुमारी मेवाड़,Bharatiya Janata Party,,,Rajasthan
355,Bhilwara,Damodar Agarwal,दामोदर अग्रवाल,Bharatiya Janata Party,,,Rajasthan
356,Kota,Om Birla,ओम बिड़ला,Bharatiya Janata Party,,,Rajasthan
357,Jhalawar,Dushyant Singh,दुष्यंत सिंह,Bharatiya Janata Party,,,Rajasthan
358,Sikkim,Indra Hang Subba,इंद्र हांग सुब्बा,Sikkim Krantikari Morcha,,,Sikkim
359,Thiruvallur,Sasikanth Senthil,शशिकांत सेंथिल,Indian National Congress,,,Tamil Nadu
360,Chennai North,Kalanidhi Veeraswamy,कलानिधि वीरस्वामी,Dravida Munnetra Kazhagam,,,Tamil Nadu
361,Chennai South,Tamizhachi Thangapandian,तमिलची थंगापांडियन,Dravida Munnetra Kazhagam,,,Tamil Nadu
362,Chennai Central,Dayanidhi Maran,दयानिधि मारन,Dravida Munnetra Kazhagam,,,Tamil Nadu
363,Sriperumbudur,T.R. Baalu,टीआर बालू,Dravida Munnetra Kazhagam,,,Tamil Nadu
364,Kancheepuram (SC),G. Selvam,जी सेल्वम,Dravida Munnetra Kazhagam,,,Tamil Nadu
365,Arakkonam,S. Jagathrakshakan,एस॰ जगतरक्षकन,Dravida Munnetra Kazhagam,,,Tamil Nadu
366,Vellore,D.M.K. Anand,डीएमके आनन्द,Dravida Munnetra Kazhagam,,,Tamil Nadu
367,Krishnagiri,K. Gopinath,के गोपीनाथ,Indian National Congress,,,Tamil Nadu
368,Dharmapuri,A. Mani,ए॰ मणि,Dravida Munnetra Kazhagam,,,Tamil Nadu
369,Tiruvannamalai,C.N. Annadurai,सीएन अन्नादुराई,Dravida Munnetra Kazhagam,,,Tamil Nadu
370,Arani,M.S. Tharanivendhan,एमएस थरानिवेंधन,Dravida Munnetra Kazhagam,,,Tamil Nadu
371,Viluppuram,Durai Ravikumar,दुरै रविकुमार,Viduthalai Chiruthaigal Katchi,,,Tamil Nadu
372,Kallakurichi,Malaiyarasan D,मलैयारसन डी,Dravida Munnetra Kazhagam,,,Tamil Nadu
373,Salem,T. M. Selvaganapathi,टीएम सेलवागणपती,Dravida Munnetra Kazhagam,,,Tamil Nadu
374,Namakkal,V. S. Matheswaran,वीएस मातेस्वरन,Dravida Munnetra Kazhagam,,,Tamil Nadu
375,Erode,K. E. Prakash,के॰ई॰ प्रकाश,Dravida Munnetra Kazhagam,,,Tamil Nadu
376,Tiruppur,K. Subbarayan,के॰ सुब्बरयन,Communist Party of India,,,Tamil Nadu
377,Nilgiris,A. Raja,ए॰ राजा,Dravida Munnetra Kazhagam,,,Tamil Nadu
378,Coimbatore,Ganapathi P. Raj Kumar,गणपती पी॰ राजकुमार,Ganapathi P. Raj Kumar,,,Tamil Nadu
379,Pollachi,Eswarasamy,ईश्वरसामी,Eswarasamy,,,Tamil Nadu
380,Dindigul,R. Sachidanandam,आर॰ सच्चिदानन्दम,Communist Party of India (Marxist),,,Tamil Nadu
381,Karur,Jothimani,ज्योतिमणि,Indian National Congress,,,Tamil Nadu
382,Tiruchirappalli,Durai Vaiyapuri,दुरै वैयापुरी,Marumalarchi Dravida Munnetra Kazhagam,,,Tamil Nadu
383,Perambalur,Arun Nehru,अरुण नेहरू,Dravida Munnetra Kazhagam,,,Tamil Nadu
384,Cuddalore,M. K. Vishnu Prasad,एमके विष्णु प्रसाद,Indian National Congress,,,Tamil Nadu
385,Chidambaram,Thol. Thirumavalavan,तोल थिरुमावलवन,Viduthalai Chiruthaigal Katchi,,,Tamil Nadu
386,Mayiladuthurai,Sudha Ramakrishnan,सुधा रामकृष्णन,Indian National Congress,,,Tamil Nadu
387,Nagapattinam,Selvaraj V,सेलवराज वी,Communist Party of India,,,Tamil Nadu
388,Thanjavur,S. Murasoli,एस मुरसोली,Dravida Munnetra Kazhagam,,,Tamil Nadu
389,Sivaganga,Karti Chidambaram,कार्ति चिदंबरम,Indian National Congress,,,Tamil Nadu
390,Madurai,S. Venkatesan,सु. वेंकटेशन,Communist Party of India (Marxist),,,Tamil Nadu
391,Theni,Thanga Tamil Selvan,तंगा तमिल सेलवन,Dravida Munnetra Kazhagam,,,Tamil Nadu
392,Virudhunagar,Manickam Tagore,मणिकम टैगोर,Indian National Congress,,,Tamil Nadu
393,Ramanathapuram,Navas Kani,नवस कणि,Indian Union Muslim League,,,Tamil Nadu
394,Thoothukkudi,Kanimozhi Karunanidhi,कनिमोझी करुणानिधि,Dravida Munnetra Kazhagam,,,Tamil Nadu
395,Tenkasi (SC),Tenkasi (SC),रानी श्रीकुमार,Rani Srikumar,,,Tamil Nadu
396,Tirunelveli,Robert Bruce,रोबर्ट ब्रूस,Indian National Congress,,,Tamil Nadu
397,Kanyakumari,Vijay Vasanth,विजय वसन्त,Indian National Congress,,,Tamil Nadu
,,,,,,,
398,Adilabad,Godam Nagesh,गोडाम नागेश,Bharatiya Janata Party,,,Telangana
399,Peddapalle,Vamsi Krishna Gaddam,वामसी कृष्ण गद्दाम,Indian National Congress,,,Telangana
400,Karimnagar,Bandi Sanjay Kumar,बंडी संजय कुमार,Bharatiya Janata Party,,,Telangana
401,Nizamabad,Dharmapuri Arvind,धर्मपुरी अरविन्द,Bharatiya Janata Party,,,Telangana
402,Zahirabad,Suresh Shetkar,सुरेश कुमार शेतकर,Indian National Congress,,,Telangana
403,Medak,Raghunandan Rao,रघुनंदन राव,Bharatiya Janata Party,,,Telangana
404,Malkajgiri,Etela Rajender,ईटेला राजेंदर,Bharatiya Janata Party,,,Telangana
405,Secunderabad,G. Kishan Reddy,जी. किशन रेड्डी,Bharatiya Janata Party,,,Telangana
406,Hyderabad,Asaduddin Owaisi,असदुद्दीन ओवैसी,All India Majlis-e-Ittehadul Muslimeen,,,Telangana
407,Chevella,Konda Vishweshwar Reddy,कोंडा विश्वेश्वर रेड्डी,Bharatiya Janata Party,,,Telangana
408,Mahbubnagar,D. K. Aruna,धर्मवरपु कोट्टम अरुणा,Bharatiya Janata Party,,,Telangana
409,Nagarkurnool,Mallu Ravi,मल्लू रवि,Indian National Congress,,,Telangana
410,Nalgonda,Raghuveer Reddy Kunduru,रघुवीर रेड्डी कुंदरू,Indian National Congress,,,Telangana
411,Bhongir,Chamala Kiran Kumar Reddy,चमाला किरण कुमार रेड्डी,Indian National Congress,,,Telangana
412,Warangal (SC),Kadiyam Kavya,काडियाम काव्य,Indian National Congress,,,Telangana
413,Mahabubabad (ST),Balram Naik,बलराम नाइक,Indian National Congress,,,Telangana
414,Khammam,Ramasahayam Raghuram Reddy,रामसहायम रघुराम रेड्डी,Indian National Congress,,,Telangana
415,Tripura West,Biplab Kumar Deb,बिप्लब कुमार देब,Bharatiya Janata Party,,,Tripura
416,Tripura East (ST),Kriti Singh Debbarma,कृति सिंह देबबर्मा ,Bharatiya Janata Party,,,Tripura
417,Saharanpur,Imran Masood,इमरान मसूद,Indian National Congress,,,Uttar Pradesh
418,Kairana,Iqra Choudhary,इकरा चौधरी,Samajwadi Party,,,Uttar Pradesh
419,Muzaffarnagar,Harendra Singh Malik,हरेन्द्र सिंह मलिक,Samajwadi Party,,,Uttar Pradesh
420,Bijnor,Chandan Chauhan,चंदन चौहान,Rashtriya Lok Dal,,,Uttar Pradesh
421,Nagina,Chandrashekhar Azad,चंद्रशेखर आज़ाद,Azad Samaj Party (Kanshi Ram),,,Uttar Pradesh
422,Moradabad,Ruchi Veera,रुचि वीरा,Samajwadi Party,,,Uttar Pradesh
423,Rampur,Mohibbullah,मोहिबुल्लाह,Samajwadi Party,,,Uttar Pradesh
424,Sambhal,Zia ur Rahman Barq,ज़ियाऊर्रहमान बराक़,Samajwadi Party,,,Uttar Pradesh
425,Amroha,Kanwar Singh Tanwar,कँवर सिंह तंवर,Bharatiya Janata Party,,,Uttar Pradesh
426,Meerut,Meerut,अरुण गोविल,Bharatiya Janata Party,,,Uttar Pradesh
427,Baghpat,Rajkumar Sangwan,राजकुमार सांगवान,Rashtriya Lok Dal,,,Uttar Pradesh
428,Ghaziabad,Atul Garg,अतुल गर्ग,Bharatiya Janata Party,,,Uttar Pradesh
429,Gautam Buddh Nagar,Dr. Mahesh Sharma,महेश शर्मा,Bharatiya Janata Party,,,Uttar Pradesh
430,Bulandshahr (SC),Bhola Singh,भोला सिंह,Bharatiya Janata Party,,,Uttar Pradesh
431,Aligarh,Satish Kumar Gautam,सतीश कुमार गौतम,Bharatiya Janata Party,,,Uttar Pradesh
432,Hathras (SC),Anoop Pradhan,अनूप प्रधान बाल्मीकी,Bharatiya Janata Party,,,Uttar Pradesh
433,Mathura,Hema Malini,हेमा मालिनी,Bharatiya Janata Party,,,Uttar Pradesh
434,Agra (SC),S.P. Singh Baghel,एस० पी० सिंह बघेल,Bharatiya Janata Party,,,Uttar Pradesh
435,Fatehpur Sikri,Rajkumar Chahar,राजकुमार चाहर,Bharatiya Janata Party,,,Uttar Pradesh
436,Firozabad,Akshay Yadav,अक्षय यादव,Samajwadi Party,,,Uttar Pradesh
437,Mainpuri,Dimple Yadav,डिम्पल यादव,Samajwadi Party,,,Uttar Pradesh
438,Etah,Devesh Shakya,देवेश शाक्य,Samajwadi Party,,,Uttar Pradesh
439,Badaun,Aaditya Yadav,आदित्य यादव,Samajwadi Party,,,Uttar Pradesh
440,Aonla,Neeraj Kushwaha Maurya,नीरज मौर्य,Samajwadi Party,,,Uttar Pradesh
441,Bareilly,Chhatrapal Singh Gangwar,छत्रपाल सिंह गंगवार,Bharatiya Janata Party,,,Uttar Pradesh
442,Pilibhit,Jitin Prasada,जितिन प्रसाद,Bharatiya Janata Party,,,Uttar Pradesh
443,Shahjahanpur (SC),Arun Kumar Sagar,अरुण कुमार सागर,Bharatiya Janata Party,,,Uttar Pradesh
444,Kheri,Utkarsh Verma,उत्‍कर्ष वर्मा,Samajwadi Party,,,Uttar Pradesh
445,Dhaurahra,Anand Bhadauriya,आनंद भदौरिया,Anand Bhadauriya,,,Uttar Pradesh
446,Sitapur,Rakesh Rathore,राकेश राठौर,Indian National Congress,,,Uttar Pradesh
447,Hardoi,Jai Prakash,जय प्रकाश,Bharatiya Janata Party,,,Uttar Pradesh
448,Misrikh (SC),Ashok Kumar Rawat,अशोक कुमार रावत,Bharatiya Janata Party,,,Uttar Pradesh
449,Unnao,Sakshi Maharaj,साक्षी महाराज,Bharatiya Janata Party,,,Uttar Pradesh
450,Mohanlalganj,R. K. Chaudhary,आर॰के॰ चौधरी,Samajwadi Party,,,Uttar Pradesh
451,Lucknow,Rajnath Singh,राजनाथ सिंह,Bharatiya Janata Party,,,Uttar Pradesh
452,Rae Bareli,Rahul Gandhi,राहुल गांधी,Indian National Congress,,,Uttar Pradesh
453,Amethi,Kishori Lal Sharma,किशोरी लाल शर्मा,Indian National Congress,,,Uttar Pradesh
454,Sultanpur,Rambhual Nishad,रामभुआल निषाद,Samajwadi Party,,,Uttar Pradesh
455,Pratapgarh,S. P. Singh Patel,शिव पाल सिंह पटेल,Samajwadi Party,,,Uttar Pradesh
456,Farrukhabad,Mukesh Rajput,मुकेश राजपूत,Bharatiya Janata Party,,,Uttar Pradesh
457,Etawah,Jitendra Kumar Dohare,जितेन्द्र कुमार दोहरे,Samajwadi Party,,,Uttar Pradesh
458,Kannauj,Akhilesh Yadav,अखिलेश यादव,Samajwadi Party,,,Uttar Pradesh
459,Kanpur,Ramesh Awasthi,रमेश अवस्थी,Bharatiya Janata Party,,,Uttar Pradesh
460,Akbarpur,Devendra Singh Bhole,देवेन्द्र सिंह उर्फ ​​भोले सिंह,Bharatiya Janata Party,,,Uttar Pradesh
461,Jalaun,Narayan Das Ahirwar,नारायण दास अहिरवार,Samajwadi Party,,,Uttar Pradesh
462,Jhansi,Anurag Sharma,अनुराग शर्मा,Bharatiya Janata Party,,,Uttar Pradesh
463,Hamirpur,Ajendra Singh Lodhi,अजेन्‍द्र सिंह लोधी,Samajwadi Party,,,Uttar Pradesh
464,Banda,Krishna Devi Shivshanker Patel,कृष्णा देवी शिवशंकर पटेल,Samajwadi Party,,,Uttar Pradesh
465,Fatehpur,Naresh Uttam Patel,नरेश चन्द्र उत्तम पटेल,Samajwadi Party,,,Uttar Pradesh
466,Kaushambi (SC),Pushpendra Saroj,पुष्पेन्द्र सरोज,Samajwadi Party,,,Uttar Pradesh
467,Phulpur,Praveen Patel,प्रवीण पटेल,Bharatiya Janata Party,,,Uttar Pradesh
468,Allahabad,Ujjwal Rewati Raman Singh,उज्जवल रमण सिंह,Indian National Congress,,,Uttar Pradesh
469,Barabanki (SC),Tanuj Punia,तनुज पुनिया,Indian National Congress,,,Uttar Pradesh
470,Faizabad,Awadhesh Prasad,अवधेश प्रसाद,Samajwadi Party,,,Uttar Pradesh
471,Ambedkar Nagar,Lalji Verma,लालजी वर्मा,Samajwadi Party,,,Uttar Pradesh
472,Bahraich,Anand Kumar,आनन्द कुमार,Bharatiya Janata Party,,,Uttar Pradesh
473,Kaiserganj,Karan Bhushan Singh,करण भूषण सिंह,Bharatiya Janata Party,,,Uttar Pradesh
474,Shrawasti,Ram Shiromani Verma,राम शिरोमणि वर्मा,Samajwadi Party,,,Uttar Pradesh
475,Gonda,Kirti Vardhan Singh,कीर्तिवर्धन सिंह,Bharatiya Janata Party,,,Uttar Pradesh
476,Domariyaganj,Jagdambika Pal,जगदम्बिका पाल,Bharatiya Janata Party,,,Uttar Pradesh
477,Basti,Ram Prasad Chaudhary,राम प्रसाद चौधरी,Samajwadi Party,,,Uttar Pradesh
478,Sant Kabir Nagar,Laxmikant alias Pappu Nishad,लक्ष्‍मीकान्‍त पप्‍पू निषाद,Samajwadi Party,,,Uttar Pradesh
479,Maharajganj,Pankaj Chaudhary,पंकज चौधरी,Bharatiya Janata Party,,,Uttar Pradesh
480,Gorakhpur,Ravi Kishan,रवि किशन,Bharatiya Janata Party,,,Uttar Pradesh
481,Kushi Nagar,Vijay Kumar Dubey,विजय कुमार दूबे,Bharatiya Janata Party,,,Uttar Pradesh
482,Deoria,Shashank Mani,शशांक मणि,Bharatiya Janata Party,,,Uttar Pradesh
483,Bansgaon (SC),Kamlesh Paswan,कमलेश पासवान,Bharatiya Janata Party,,,Uttar Pradesh
484,Lalganj,Daroga Saroj,दरोगा प्रसाद सरोज,Samajwadi Party,,,Uttar Pradesh
485,Azamgarh,Dharmendra Yadav,धर्मेन्द्र यादव,Samajwadi Party,,,Uttar Pradesh
486,Ghosi,Rajiv Rai,राजीव राय,Samajwadi Party,,,Uttar Pradesh
487,Salempur,Ramashankar Rajbhar,रमाशंकर राजभर,Samajwadi Party,,,Uttar Pradesh
488,Ballia,Sanatan Pandey,सनातन पाण्डेय,Samajwadi Party,,,Uttar Pradesh
489,Jaunpur,Babu Singh Kushwaha,बाबू सिंह कुशवाहा,Samajwadi Party,,,Uttar Pradesh
490,Machhlishahr (SC),Priya Saroj,प्रिया सरोज,Samajwadi Party,,,Uttar Pradesh
491,Ghazipur,Afzal Ansari,अफ़ज़ल अंसारी,Samajwadi Party,,,Uttar Pradesh
492,Chandauli,Bijendra Singh,बीरेन्द्र सिंह,Samajwadi Party,,,Uttar Pradesh
493,Varanasi,Narendra Modi,नरेन्द्र मोदी,Bharatiya Janata Party,,,Uttar Pradesh
494,Bhadohi,Vinod Kumar Bind,विनोद कुमार बिन्द,Bharatiya Janata Party,,,Uttar Pradesh
495,Mirzapur,Anupriya Patel,अनुप्रिया पटेल,Apna Dal (Soneylal),,,Uttar Pradesh
496,Robertsganj,Chhotelal Kharwar,छोटेलाल खारवार,Samajwadi Party,,,Uttar Pradesh
497,Tehri Garhwal,Mala Rajya Laxmi Shah,माला राज्यलक्ष्मी शाह,Bharatiya Janata Party,,,Uttarakhand
498,Garhwal,Anil Baluni,अनिल बलूनी,Bharatiya Janata Party,,,Uttarakhand
499,Almora (SC),Ajay Tamta,अजय टम्टा,Bharatiya Janata Party,,,Uttarakhand
500,Nainital–Udhamsingh Nagar,Ajay Bhatt,अजय भट्‌ट,Bharatiya Janata Party,,,Uttarakhand
501,Haridwar,Trivendra Singh Rawat,त्रिवेन्द्र सिंह रावत,Bharatiya Janata Party,,,Uttarakhand
502,Cooch Behar,Jagadish Chandra Barma Basunia,जगदीश चन्द्र बर्मा बासुनिया,Trinamool Congress,,,West Bengal
503,Alipurduars,Manoj Tigga,मनोज टिग्गा,Bharatiya Janata Party,,,West Bengal
504,Jalpaiguri (SC),Jayanta Kumar Roy,जयंत कुमार रॉय,Bharatiya Janata Party,,,West Bengal
505,Darjeeling,Raju Bista,राजु बिष्ट,Bharatiya Janata Party,,,West Bengal
506,Raiganj,Kartick Paul,कार्तिक पॉल,Bharatiya Janata Party,,,West Bengal
507,Balurghat,Sukanta Majumdar,सुकान्त मजुमदार,Bharatiya Janata Party,,,West Bengal
508,Maldaha Uttar,Khagen Murmu,खागेन मुर्मू,Bharatiya Janata Party,,,West Bengal
509,Maldaha Dakshin,Isha Khan Choudhury,ईशा खान चौधरी,Indian National Congress,,,West Bengal
510,Jangipur,Khalilur Rahaman,खलिलुर रहमान,Trinamool Congress,,,West Bengal
511,Baharampur,Yusuf Pathan,युसूफ पठान,Trinamool Congress,,,West Bengal
512,Murshidabad,Abu Taher Khan,आबू ताहिर खान,Trinamool Congress,,,West Bengal
513,Krishnanagar,Mahua Moitra,महुआ मोइत्र,Trinamool Congress,,,West Bengal
514,Ranaghat,Jagannath Sarkar,जगन्नाथ सरकार,Bharatiya Janata Party,,,West Bengal
515,Bangaon (SC),Shantanu Thakur,शान्तनु ठाकुर,Bharatiya Janata Party,,,West Bengal
516,Barrackpore,Partha Bhowmick,पार्थ भौमिक,Trinamool Congress,,,West Bengal
517,Dum Dum,Saugata Roy,सौगत रॉय,Trinamool Congress,,,West Bengal
518,Barasat,Kakoli Ghosh Dastidar,कल्कली घोष दस्तिदार,Trinamool Congress,,,West Bengal
519,Basirhat,Haji Nurul Islam (Died on 25 September 2024),शेख नुरुल इस्लाम,Trinamool Congress,,,West Bengal
520,Jaynagar,Pratima Mondal,प्रतिमा मंडल,Trinamool Congress,,,West Bengal
521,Mathurapur (SC),Bapi Halder,बापी हालदर,Trinamool Congress,,,West Bengal
522,Diamond Harbour,Abhishek Banerjee,अभिषेक बनर्जी,Trinamool Congress,,,West Bengal
523,Jadavpur,Saayoni Ghosh,सयानी घोष,Trinamool Congress,,,West Bengal
524,Kolkata Dakshin,Mala Roy,माला रॉय,Trinamool Congress,,,West Bengal
525,Kolkata Uttar,Sudip Bandyopadhyay,सुदीप बंदोपाध्याय,Trinamool Congress,,,West Bengal
526,Howrah,Prasun Banerjee,प्रसून बनर्जी,Trinamool Congress,,,West Bengal
527,Uluberia,Sajda Ahmed,सजदा अहमद,Trinamool Congress,,,West Bengal
528,Srerampur,Kalyan Banerjee,कल्याण बनर्जी,Trinamool Congress,,,West Bengal
529,Hooghly,Rachana Banerjee,रचना बनर्जी,Trinamool Congress,,,West Bengal
530,Arambagh (SC),Mitali Bag,मिताली बाग,Trinamool Congress,,,West Bengal
531,Tamluk,Abhijit Gangopadhyay,अभिजीत गंगोपाध्याय,Bharatiya Janata Party,,,West Bengal
532,Kanthi,Soumendu Adhikari,सौमेन्दु अधिकारी,Bharatiya Janata Party,,,West Bengal
533,Ghatal,Deepak Adhikari,दीपक अधिकारी,Trinamool Congress,,,West Bengal
534,Jhargram (ST),Kalipada Soren,खेरवाल सोरेन,Trinamool Congress,,,West Bengal
535,Medinipur,June Malia,जून मालिया,Trinamool Congress,,,West Bengal
536,Purulia,Jyotirmay Singh Mahato,ज्योतिर्मय सिंह महतो,Bharatiya Janata Party,,,West Bengal
537,Bankura,Arup Chakraborty,अरुप चक्रबर्ती,Trinamool Congress,,,West Bengal
538,Bishnupur,Saumitra Khan,सौमित्र खान,Bharatiya Janata Party,,,West Bengal
539,Bardhaman Purba,Sharmila Sarkar,शर्मीला सरकार,Trinamool Congress,,,West Bengal
540,Bardhaman–Durgapur,Kirti Azad,कीर्ति आजाद,Trinamool Congress,,,West Bengal
541,Asansol,Shatrughan Sinha,शत्रुघन सिन्हा,Trinamool Congress,,,West Bengal
542,Bolpur (SC),Asit Kumar Mal,असित कुमार मल,Trinamool Congress,,,West Bengal
543,Birbhum,Satabdi Roy,शताब्दी रॉय,Trinamool Congress,,,West Bengal
